x;NA
french;svo
none;NA
spanish;svo
some french and a little german;svo / mixed
beginners french;svo
none fluently;NA
german  spanish;svo / mixed
german;mixed
n/a;NA
french  german;svo / mixed
french  chinese;svo
arabic;vso
0;NA
mandarin  french;svo
japanese  some french and spanish;svo / sov
a little french and german;svo / mixed
french  spanish;svo
NA;NA
french  german  greek;svo / mixed
french  spanish and german;svo / mixed
french  german  latin  ancient greek (minimally)  japanese  spanish;svo / sov / mixed
tiny bit of french;svo
german (6 years)  spanish (1yr)  italian (1yr)  mandarin (1 yr)  french (5 yrs)  greek (1 yr);svo / mixed
german  french;svo / mixed
english;NA
french & italian;svo
spanish  french;svo
german and french in school;svo / mixed
currently learning german;mixed
very basic spanish and french;svo
french  spanish  german  russian;svo / mixed
a little french;svo
french and spanish;svo
none2;NA
very basic french;svo
french/spanish;svo
french and german in school (not very well);svo / mixed
-;NA
currently learning spanish;svo
some french  swedish;svo
learnt french  german   spanish in school but not fluent  and italian in school for several years;svo / mixed
spanish & french;svo
working level of german;mixed
russian;svo
german (basic skills) spanish (very basic skills);svo / mixed
urdu;sov
very basic spanish in high school;svo
spanish and portuguese;svo
some french;svo
french  german  swedish;svo / mixed
spanish (11-16 years old  but not since.);svo
german and french;svo / mixed
welsh french;svo / vso
french and german at school;svo / mixed
french german;svo / mixed
basic welsh  french & latin - all of which i've now forgotten!;svo / sov / vso
french  japanese;svo / sov
french  italian;svo
bits of french  danish  norwegian  not proficiently though;svo
spanish  german;svo / mixed
some french  german and welsh;svo / vso / mixed
none to any real usefullness;NA
french/german;svo / mixed
spanish (but not fluent);svo
french  latin;svo / sov
mandarin chinese  spanish  italian;svo
none - school level french;svo
french  german  japanese to a low level;svo / sov / mixed
italian  german  french but i'm not fluent.;svo / mixed
portuguese;svo
spanish and german  but only to a very basic level;svo / mixed
scots gaelic;vso
some french at school;svo
romanian;svo
basic french;svo
1;NA
french and german at gcse;svo / mixed
french  german  spanish and japanese;svo / sov / mixed
french  italian  spanish;svo
german  french  japanese (beginner level for all);svo / sov / mixed
schoolboy french and german;svo / mixed
some french in school  but not to a high standard at all.;svo
swedish;svo
korean (conversational);sov
french (beginner);svo
french  german  polish  spanish  japanese  mandarin chinese;svo / sov / mixed
french  spanish and mandarin to intermediate level;svo
a little french at school;svo
french  spanish  latin;svo / mixed
a little german;mixed
german (basic);mixed
french and german at school but only to a basic level;svo / mixed
german/french;svo / mixed
very basic knowledge of french  german and spanish;svo / mixed
basic french  spanish;svo
bit of french;svo
french  italian  turkish  german;svo / sov / mixed
some welsh  some french;svo / vso
french (basic);svo
french  german  latin  spanish;svo / mixed
some spanish;svo
spanish  korean;svo / sov
none other;NA
spanish and french;svo
french (high school only)  german (high school only)  mandarin (very limited but currently learning);svo / mixed
french at school;svo
(not fluently) french  spanish  polish  german;svo / mixed
finnish  spanish;svo
basic french (school)  basic spanish (duolingo);svo
only a bit of french and german at school;svo / mixed
latin  ancient greek  scottish gaelic  italian;svo / vso / mixed
basic german;mixed
french  german  spanish;svo / mixed
little bit of french (school) and spanish (currently learning);svo
high school french;svo
non;NA
french and german;svo / mixed
none/na;NA
french  greek;svo / mixed
